{"cameraMode":{"drawMode":0,"name":"Shaded","section":"Shading Mode"},"sceneLighting":true,"audioPlay":false,"sceneViewState":{"showFog":true,"showMaterialUpdate":false,"showSkybox":true,"showFlares":true,"showImageEffects":true,"showParticleSystems":true},"in2DMode":false,"pivot":{"x":124.83258819580078,"y":44.530887603759769,"z":92.83528900146485},"rotation":{"x":-0.572070837020874,"y":-0.07917527854442597,"z":0.055608659982681277,"w":-0.8144952654838562},"size":350.0960998535156,"orthographic":false}